"title","views","likes","dislikes","comments","favorites","url","publishedAt","description","tags","embeddable","duration","thumbnail","related_to_video","video_category"
"#rumoaoIVENA: As várias formas de construir a Agroecologia","26","0","0","0","0","https://www.youtube.com/watch?v=9jfvep51fQs","2018-05-29T21:31:32.000Z","","disabled",True,"PT5M7S","https://i.ytimg.com/vi/9jfvep51fQs/hqdefault.jpg","https://www.youtube.com/watch?v=rV27VY5qGsQ,https://www.youtube.com/watch?v=EJvyHLO9Eus,https://www.youtube.com/watch?v=5sTDik3rUug,https://www.youtube.com/watch?v=AKrbf5Ilaa4,https://www.youtube.com/watch?v=ekP0x9OUPGY,https://www.youtube.com/watch?v=Tc79WKyoNkI,https://www.youtube.com/watch?v=kHYaQAKBylw,https://www.youtube.com/watch?v=URmlEmmI8SQ,https://www.youtube.com/watch?v=9KeYQW1Fgls,https://www.youtube.com/watch?v=OKOMGBV4rwY,https://www.youtube.com/watch?v=zwrb8oD4v_o,https://www.youtube.com/watch?v=tXntAHuKaaU,https://www.youtube.com/watch?v=cuEPebF88Nw,https://www.youtube.com/watch?v=etQNdyRGOA0,https://www.youtube.com/watch?v=A2Fmq69UDVs,https://www.youtube.com/watch?v=seUhOQAHZm0,https://www.youtube.com/watch?v=0QTL5w1h9zU,https://www.youtube.com/watch?v=3_gSab13scY,https://www.youtube.com/watch?v=iZ3g46Ft2h8,https://www.youtube.com/watch?v=DF5PGNf_e-g,https://www.youtube.com/watch?v=gy5cPOALitI,https://www.youtube.com/watch?v=CyGyhMtpeMo,https://www.youtube.com/watch?v=pif2EqO7PEM,https://www.youtube.com/watch?v=eojcRGEZWzY,https://www.youtube.com/watch?v=DksONLntYzs,https://www.youtube.com/watch?v=qFkTzIl2su8,https://www.youtube.com/watch?v=qvAe8Gk_CM0,https://www.youtube.com/watch?v=xsSUx_tu1iI,https://www.youtube.com/watch?v=ilLRseua2Ng,https://www.youtube.com/watch?v=C7ttSF-WovY,https://www.youtube.com/watch?v=uzdB3VcDuT0,https://www.youtube.com/watch?v=m7QPAmQ4_xQ,https://www.youtube.com/watch?v=dqA2iT-NzT4,https://www.youtube.com/watch?v=1lEUNsknqUM,https://www.youtube.com/watch?v=2lNY5_r9cxE,https://www.youtube.com/watch?v=yBbEz62_gQs,","Pessoas e blogs"
"5º ENAFOR - AO VIVO: CORTEJO ABRAÇO UNB","40","3","0","0","0","https://www.youtube.com/watch?v=kyU5CPP8sZc","2018-05-24T20:54:23.000Z","","['CONTAG', 'ENFOC', '5ºENAFOR', '#hangoutsonair', 'Hangouts On Air', '#hoa']",True,"PT21M21S","https://i.ytimg.com/vi/kyU5CPP8sZc/hqdefault.jpg","https://www.youtube.com/watch?v=ZXEYRiP4GiA,https://www.youtube.com/watch?v=fDie9H6WAec,https://www.youtube.com/watch?v=DksONLntYzs,https://www.youtube.com/watch?v=ierujKFgi5U,https://www.youtube.com/watch?v=9jfvep51fQs,https://www.youtube.com/watch?v=m7QPAmQ4_xQ,https://www.youtube.com/watch?v=83wpww_oiiI,https://www.youtube.com/watch?v=bha6s0bjYOA,https://www.youtube.com/watch?v=QtBGfF-BqUk,https://www.youtube.com/watch?v=xsSUx_tu1iI,https://www.youtube.com/watch?v=6Nbv7TEKZEk,https://www.youtube.com/watch?v=1lEUNsknqUM,https://www.youtube.com/watch?v=iZ3g46Ft2h8,https://www.youtube.com/watch?v=5QGn23g-k4M,https://www.youtube.com/watch?v=4z6uzuCjfTc,https://www.youtube.com/watch?v=4J3jBszRdm8,https://www.youtube.com/watch?v=46sW-31yyQA,https://www.youtube.com/watch?v=FYwMiZfWAh8,https://www.youtube.com/watch?v=TPYxxvGZmNg,https://www.youtube.com/watch?v=z3ql90K5QXo,https://www.youtube.com/watch?v=I-Ty7_-acbI,https://www.youtube.com/watch?v=Jmbn7lm42fU,https://www.youtube.com/watch?v=XM5ckvj9hm4,https://www.youtube.com/watch?v=xdbmUtIo8UE,https://www.youtube.com/watch?v=lD-qEYjlhsg,https://www.youtube.com/watch?v=kYMujdpFw98,https://www.youtube.com/watch?v=48juVgTaHLo,https://www.youtube.com/watch?v=WHGLeOVTXgA,https://www.youtube.com/watch?v=_7XA-euBsJo,https://www.youtube.com/watch?v=hmiNuZ6EOSQ,https://www.youtube.com/watch?v=IWYoC9OhPAQ,https://www.youtube.com/watch?v=HDUnPQ3nKRo,https://www.youtube.com/watch?v=DLf_kJUMM6k,https://www.youtube.com/watch?v=xEZgeRoIf-c,https://www.youtube.com/watch?v=6r7QDo9yHJk,https://www.youtube.com/watch?v=PhhQl0MgZKk,https://www.youtube.com/watch?v=MZ9vkZlczgA,https://www.youtube.com/watch?v=xpNvBCwY8So,https://www.youtube.com/watch?v=-UUB5DW_mnM,https://www.youtube.com/watch?v=aYzO1fzItpw,https://www.youtube.com/watch?v=6i58RmSbMNU,https://www.youtube.com/watch?v=jUytLQfhQvc,https://www.youtube.com/watch?v=vEJjQIRj7tI,https://www.youtube.com/watch?v=d9IefWmXZQ0,https://www.youtube.com/watch?v=dXucY2pVKJI,https://www.youtube.com/watch?v=rWLjdR0jbIA,https://www.youtube.com/watch?v=PMYmW_ABfDk,https://www.youtube.com/watch?v=L3S_rijYaqc,https://www.youtube.com/watch?v=Q2PwzSnIuQM,https://www.youtube.com/watch?v=YSNuGKB-En8,","Pessoas e blogs"
"TV CONTAG - AO VIVO - 5º ENAFOR - AS GERAÇÕES QUE EMBALAM A REDE DE EDUCADORES/AS POPULARES DA ENFOC","58","5","0","0","0","https://www.youtube.com/watch?v=ZXEYRiP4GiA","2018-05-24T19:33:58.000Z","","['ENFOC', 'CONTAG', 'EDUCAÇÃO POPULAR', 'ENAFOR', '5ºENAFOR', '#hangoutsonair', 'Hangouts On Air', '#hoa']",True,"PT26M51S","https://i.ytimg.com/vi/ZXEYRiP4GiA/hqdefault.jpg","https://www.youtube.com/watch?v=fDie9H6WAec,https://www.youtube.com/watch?v=kyU5CPP8sZc,https://www.youtube.com/watch?v=DksONLntYzs,https://www.youtube.com/watch?v=9jfvep51fQs,https://www.youtube.com/watch?v=bha6s0bjYOA,https://www.youtube.com/watch?v=m7QPAmQ4_xQ,https://www.youtube.com/watch?v=xsSUx_tu1iI,https://www.youtube.com/watch?v=ktQfCEPuXM4,https://www.youtube.com/watch?v=1UWSab7jQkY,https://www.youtube.com/watch?v=ILrrwWkCmTg,https://www.youtube.com/watch?v=1lEUNsknqUM,https://www.youtube.com/watch?v=7o4Jqx10M1w,https://www.youtube.com/watch?v=7rRjrYKGNG8,https://www.youtube.com/watch?v=fjwiR9gEkJE,https://www.youtube.com/watch?v=7hNAFmlcemM,https://www.youtube.com/watch?v=KpfIuScgoDk,https://www.youtube.com/watch?v=4euof2e_OsE,https://www.youtube.com/watch?v=gccaouLJpa8,https://www.youtube.com/watch?v=ACc3L8W6yhY,https://www.youtube.com/watch?v=aXvDjXdnG4Y,https://www.youtube.com/watch?v=zsdz0q2g3r8,https://www.youtube.com/watch?v=kmvgDn-lpNQ,https://www.youtube.com/watch?v=HX6P6P3x1Qg,https://www.youtube.com/watch?v=gbE8HfxDN1Y,https://www.youtube.com/watch?v=qGMaxy8305o,https://www.youtube.com/watch?v=HNo6EkfvfKE,https://www.youtube.com/watch?v=SkWiq7D-Pxw,https://www.youtube.com/watch?v=3uyZGuRL98E,https://www.youtube.com/watch?v=rpQbme75YEE,https://www.youtube.com/watch?v=W5mGkzlfC-Q,https://www.youtube.com/watch?v=8pcj_-HxQyE,https://www.youtube.com/watch?v=huoVgiMm_J8,https://www.youtube.com/watch?v=8KI954H0K2g,https://www.youtube.com/watch?v=Tog9Hr8wPvU,https://www.youtube.com/watch?v=xyuLX9Ie7dY,https://www.youtube.com/watch?v=Hyoy7Of7hxE,https://www.youtube.com/watch?v=w89YT7DEi0g,https://www.youtube.com/watch?v=XqNmAR6mw6o,https://www.youtube.com/watch?v=aFAbX401XcU,https://www.youtube.com/watch?v=VmxzDI49_k0,https://www.youtube.com/watch?v=hH47C7QcrhY,https://www.youtube.com/watch?v=NUjqBhIedxs,https://www.youtube.com/watch?v=s9yraaQKkaQ,https://www.youtube.com/watch?v=xEZgeRoIf-c,https://www.youtube.com/watch?v=rWLjdR0jbIA,https://www.youtube.com/watch?v=Lus-EYCf-A4,https://www.youtube.com/watch?v=6i58RmSbMNU,https://www.youtube.com/watch?v=DvEoInQme_o,https://www.youtube.com/watch?v=Iu7a90wyyhM,https://www.youtube.com/watch?v=Q2PwzSnIuQM,","Pessoas e blogs"
"TV CONTAG - AO VIVO- 5º ENAFOR - PAINEL: EDUCAÇÃO POPULAR E EDUCAÇÃO DO CAMPO","128","10","0","0","0","https://www.youtube.com/watch?v=ierujKFgi5U","2018-05-24T15:45:50.000Z","Painel: Educação Popular e Educação do Campo - Convidada: Eliene
Novaes (UnB) e Inez Gargia (Universidade Federal Fluminense)","['CONTAG', 'ENFOC', 'ENAFOR', '5ºENAFOR', 'EDUCAÇÃO POPULAR', '#hangoutsonair', 'Hangouts On Air', '#hoa']",True,"PT3H11M56S","https://i.ytimg.com/vi/ierujKFgi5U/hqdefault.jpg","https://www.youtube.com/watch?v=bha6s0bjYOA,https://www.youtube.com/watch?v=m7QPAmQ4_xQ,https://www.youtube.com/watch?v=fDie9H6WAec,https://www.youtube.com/watch?v=ZXEYRiP4GiA,https://www.youtube.com/watch?v=DksONLntYzs,https://www.youtube.com/watch?v=xsSUx_tu1iI,https://www.youtube.com/watch?v=kyU5CPP8sZc,https://www.youtube.com/watch?v=9jfvep51fQs,https://www.youtube.com/watch?v=nY6HJ9hTCaE,https://www.youtube.com/watch?v=83wpww_oiiI,https://www.youtube.com/watch?v=1UWSab7jQkY,https://www.youtube.com/watch?v=7rRjrYKGNG8,https://www.youtube.com/watch?v=wRTk2YyuTUw,https://www.youtube.com/watch?v=s38WGrxjKWg,https://www.youtube.com/watch?v=y76a9-PenE8,https://www.youtube.com/watch?v=6Nbv7TEKZEk,https://www.youtube.com/watch?v=KHp6JUokvTs,https://www.youtube.com/watch?v=hkGHanWRX58,https://www.youtube.com/watch?v=1lEUNsknqUM,https://www.youtube.com/watch?v=IBSdjuDgtYo,https://www.youtube.com/watch?v=ILrrwWkCmTg,https://www.youtube.com/watch?v=tMwr9CRyCnI,https://www.youtube.com/watch?v=KpfIuScgoDk,https://www.youtube.com/watch?v=iZ3g46Ft2h8,https://www.youtube.com/watch?v=JnFW7SkRU3o,https://www.youtube.com/watch?v=h73_QFGOfB4,https://www.youtube.com/watch?v=hZRxkZxaHCI,https://www.youtube.com/watch?v=rSvPuPe6OqU,https://www.youtube.com/watch?v=ODWNflnArls,https://www.youtube.com/watch?v=t36slsi9FYg,https://www.youtube.com/watch?v=7elulSJebyE,https://www.youtube.com/watch?v=ZhdXD-r6aaM,https://www.youtube.com/watch?v=ruzaMAAWPyA,https://www.youtube.com/watch?v=pY-9XG2Y8d8,https://www.youtube.com/watch?v=WBSCtp_5NhU,https://www.youtube.com/watch?v=9ZRFlbW4oxE,https://www.youtube.com/watch?v=YV71qrvYutc,https://www.youtube.com/watch?v=bBhW-otjZuk,https://www.youtube.com/watch?v=nNWN_G2NN6w,https://www.youtube.com/watch?v=7Zw1OB4p80M,https://www.youtube.com/watch?v=5vYkcSTs_Ho,https://www.youtube.com/watch?v=_5u2InUtBNs,https://www.youtube.com/watch?v=nFsy75AvqV0,https://www.youtube.com/watch?v=ZGpwAwd8awE,https://www.youtube.com/watch?v=PKDFOMMGRAU,https://www.youtube.com/watch?v=7jN6axONKOo,https://www.youtube.com/watch?v=nwCwIz_iYVI,https://www.youtube.com/watch?v=NUjqBhIedxs,https://www.youtube.com/watch?v=mAVlp_r73Xk,https://www.youtube.com/watch?v=btwtnQ0rUxE,","Pessoas e blogs"
"5º ENAFOR  - AO VIVO: CORTEJO E FEIRA DE TROCA DE SEMENTES CRIOULAS","104","4","0","0","0","https://www.youtube.com/watch?v=1UWSab7jQkY","2018-05-23T21:46:02.000Z","","['CONTAG', 'ENFOC', 'ENAFOR', '5ºENAFOR', 'EDUCAÇÃO POPULAR', '#hangoutsonair', 'Hangouts On Air', '#hoa']",True,"PT1H5M55S","https://i.ytimg.com/vi/1UWSab7jQkY/hqdefault.jpg","https://www.youtube.com/watch?v=ierujKFgi5U,https://www.youtube.com/watch?v=m7QPAmQ4_xQ,https://www.youtube.com/watch?v=fDie9H6WAec,https://www.youtube.com/watch?v=83wpww_oiiI,https://www.youtube.com/watch?v=DksONLntYzs,https://www.youtube.com/watch?v=ZXEYRiP4GiA,https://www.youtube.com/watch?v=kyU5CPP8sZc,https://www.youtube.com/watch?v=KoEJ8fhrg4g,https://www.youtube.com/watch?v=xsSUx_tu1iI,https://www.youtube.com/watch?v=CcDCgNA7X5o,https://www.youtube.com/watch?v=6Nbv7TEKZEk,https://www.youtube.com/watch?v=sL28LDX8mwY,https://www.youtube.com/watch?v=g2eJZ1f5kuE,https://www.youtube.com/watch?v=bha6s0bjYOA,https://www.youtube.com/watch?v=ktQfCEPuXM4,https://www.youtube.com/watch?v=M8rRRrUMGkE,https://www.youtube.com/watch?v=9jfvep51fQs,https://www.youtube.com/watch?v=ILrrwWkCmTg,https://www.youtube.com/watch?v=-ccSvS2UylI,https://www.youtube.com/watch?v=7rRjrYKGNG8,https://www.youtube.com/watch?v=1lEUNsknqUM,https://www.youtube.com/watch?v=k1ckBsswpkA,https://www.youtube.com/watch?v=zInthzko9lc,https://www.youtube.com/watch?v=zG3UbJukLII,https://www.youtube.com/watch?v=GCFJY-P6jDE,https://www.youtube.com/watch?v=iZ3g46Ft2h8,https://www.youtube.com/watch?v=nEL157lbeh8,https://www.youtube.com/watch?v=Pjxnu3cLVos,https://www.youtube.com/watch?v=l6D9huCueC8,https://www.youtube.com/watch?v=DWW5qZjIaH0,https://www.youtube.com/watch?v=K1DBuQOC7Kg,https://www.youtube.com/watch?v=95tfNDhUpYc,https://www.youtube.com/watch?v=TkEYL7L4tuI,https://www.youtube.com/watch?v=T_Dqr0RxLhU,https://www.youtube.com/watch?v=IOpbXS0o9bY,https://www.youtube.com/watch?v=e8R4CXVtgoM,https://www.youtube.com/watch?v=_JUg4r9wfxM,https://www.youtube.com/watch?v=LgCXDaq1GdQ,https://www.youtube.com/watch?v=HNo6EkfvfKE,https://www.youtube.com/watch?v=32RiKdFl-LE,https://www.youtube.com/watch?v=b2YlUt-W1dU,https://www.youtube.com/watch?v=Ql29WKMtzYI,https://www.youtube.com/watch?v=zFtHsw81Fq8,https://www.youtube.com/watch?v=iRnBSuUP7-8,https://www.youtube.com/watch?v=yG2dWJVtypE,https://www.youtube.com/watch?v=9KeYQW1Fgls,https://www.youtube.com/watch?v=mMYBrEQJruo,https://www.youtube.com/watch?v=NqWWCyuqbZE,https://www.youtube.com/watch?v=Z-HBBMBL-kQ,https://www.youtube.com/watch?v=CgoCL6xH09g,","Pessoas e blogs"
"TV CONTAG AO VIVO- 5º ENAFOR - EDUCAÇÃO POPULAR NA RESISTÊNCIA E TRANSFORMAÇÃO DA AMÉRICA LATINA","33","1","0","0","0","https://www.youtube.com/watch?v=1lEUNsknqUM","2018-05-23T19:56:32.000Z","","['CONTAG', 'ENFOC', 'ENAFOR', '5º ENAFOR', '#hangoutsonair', 'Hangouts On Air', '#hoa']",True,"PT14M51S","https://i.ytimg.com/vi/1lEUNsknqUM/hqdefault.jpg","https://www.youtube.com/watch?v=ierujKFgi5U,https://www.youtube.com/watch?v=fDie9H6WAec,https://www.youtube.com/watch?v=ZXEYRiP4GiA,https://www.youtube.com/watch?v=9jfvep51fQs,https://www.youtube.com/watch?v=ILrrwWkCmTg,https://www.youtube.com/watch?v=7rRjrYKGNG8,https://www.youtube.com/watch?v=kyU5CPP8sZc,https://www.youtube.com/watch?v=bha6s0bjYOA,https://www.youtube.com/watch?v=s38WGrxjKWg,https://www.youtube.com/watch?v=83wpww_oiiI,https://www.youtube.com/watch?v=ktQfCEPuXM4,https://www.youtube.com/watch?v=m7QPAmQ4_xQ,https://www.youtube.com/watch?v=KHp6JUokvTs,https://www.youtube.com/watch?v=DksONLntYzs,https://www.youtube.com/watch?v=aFWO_TqmtN8,https://www.youtube.com/watch?v=ZRRHM2D2-wY,https://www.youtube.com/watch?v=1UWSab7jQkY,https://www.youtube.com/watch?v=6Nbv7TEKZEk,https://www.youtube.com/watch?v=hZRxkZxaHCI,https://www.youtube.com/watch?v=xsSUx_tu1iI,https://www.youtube.com/watch?v=iZ3g46Ft2h8,https://www.youtube.com/watch?v=HNo6EkfvfKE,https://www.youtube.com/watch?v=hkGHanWRX58,https://www.youtube.com/watch?v=KpfIuScgoDk,https://www.youtube.com/watch?v=JULkG_iO1r4,https://www.youtube.com/watch?v=d_3kNfFUrVQ,https://www.youtube.com/watch?v=k-UHkVMZB80,https://www.youtube.com/watch?v=SkWiq7D-Pxw,https://www.youtube.com/watch?v=6dq42V28LAg,https://www.youtube.com/watch?v=4J3jBszRdm8,https://www.youtube.com/watch?v=F6YscZvvVoo,https://www.youtube.com/watch?v=Xhbp4OoBY08,https://www.youtube.com/watch?v=x9xHJKXnVG8,https://www.youtube.com/watch?v=PhhQl0MgZKk,https://www.youtube.com/watch?v=3uyZGuRL98E,https://www.youtube.com/watch?v=X9tFlZ0cHnY,https://www.youtube.com/watch?v=HMF-Ryt66_E,https://www.youtube.com/watch?v=R8zMJJ14Ou8,https://www.youtube.com/watch?v=tDvNGUgAAPo,https://www.youtube.com/watch?v=GbK59YWHrdo,https://www.youtube.com/watch?v=NUjqBhIedxs,https://www.youtube.com/watch?v=xyuLX9Ie7dY,https://www.youtube.com/watch?v=D_HQM7xqaFI,https://www.youtube.com/watch?v=NXkyH7wZZ44,https://www.youtube.com/watch?v=rWLjdR0jbIA,https://www.youtube.com/watch?v=KUWq2lKxP3M,https://www.youtube.com/watch?v=LqEg5lI2q0c,https://www.youtube.com/watch?v=6b5vsNBmFu0,https://www.youtube.com/watch?v=q6BdkIgv7Bs,https://www.youtube.com/watch?v=JqLK6dD1_kU,","Pessoas e blogs"
"TV CONTAG- AO VIVO -  PARTICIPAÇÃO DAS MULHERES NAS LUTAS DE RESISTÊNCIA E TRANSFORMAÇÃO","36","4","1","0","0","https://www.youtube.com/watch?v=ILrrwWkCmTg","2018-05-23T18:54:00.000Z","","['#hangoutsonair', 'Hangouts On Air', '#hoa', 'ENFOC', 'CONTAG', '5º ENAFOR']",True,"PT40M11S","https://i.ytimg.com/vi/ILrrwWkCmTg/hqdefault.jpg","https://www.youtube.com/watch?v=fDie9H6WAec,https://www.youtube.com/watch?v=DksONLntYzs,https://www.youtube.com/watch?v=ierujKFgi5U,https://www.youtube.com/watch?v=oincz7cAhKw,https://www.youtube.com/watch?v=m7QPAmQ4_xQ,https://www.youtube.com/watch?v=ktQfCEPuXM4,https://www.youtube.com/watch?v=4yj3BRSs1NI,https://www.youtube.com/watch?v=83wpww_oiiI,https://www.youtube.com/watch?v=9jfvep51fQs,https://www.youtube.com/watch?v=kyU5CPP8sZc,https://www.youtube.com/watch?v=Nz7WM4_i1BU,https://www.youtube.com/watch?v=s38WGrxjKWg,https://www.youtube.com/watch?v=xsSUx_tu1iI,https://www.youtube.com/watch?v=Pv8WDpkhGKg,https://www.youtube.com/watch?v=6Nbv7TEKZEk,https://www.youtube.com/watch?v=1UWSab7jQkY,https://www.youtube.com/watch?v=aLxOB7Kdonc,https://www.youtube.com/watch?v=bha6s0bjYOA,https://www.youtube.com/watch?v=oYatamNJW2A,https://www.youtube.com/watch?v=8JmY1oJptaw,https://www.youtube.com/watch?v=fhDsULIxLes,https://www.youtube.com/watch?v=1lEUNsknqUM,https://www.youtube.com/watch?v=7rRjrYKGNG8,https://www.youtube.com/watch?v=gAX7e--VGHs,https://www.youtube.com/watch?v=bIgnXXmw7b8,https://www.youtube.com/watch?v=BS-jERxveRM,https://www.youtube.com/watch?v=iZ3g46Ft2h8,https://www.youtube.com/watch?v=fjwiR9gEkJE,https://www.youtube.com/watch?v=jEB7Rij7SMY,https://www.youtube.com/watch?v=dd_ENPyk2qQ,https://www.youtube.com/watch?v=E0iyeSp5VB4,https://www.youtube.com/watch?v=HNo6EkfvfKE,https://www.youtube.com/watch?v=nwCwIz_iYVI,https://www.youtube.com/watch?v=NGYO2lb367o,https://www.youtube.com/watch?v=rq8MXKJrLug,https://www.youtube.com/watch?v=eI7JJ825hyY,https://www.youtube.com/watch?v=U3VxonPt2HE,https://www.youtube.com/watch?v=pY-9XG2Y8d8,https://www.youtube.com/watch?v=IACkVT1IrYM,https://www.youtube.com/watch?v=mZyfLSxZdeM,https://www.youtube.com/watch?v=51LUAMFHVZg,https://www.youtube.com/watch?v=8EExLOj4DSk,https://www.youtube.com/watch?v=UBotS11Y98o,https://www.youtube.com/watch?v=MZKOJEIcPWE,https://www.youtube.com/watch?v=QA12g8ZM5kQ,https://www.youtube.com/watch?v=Da7dqCqEJmA,https://www.youtube.com/watch?v=YtpNVb6WBS8,https://www.youtube.com/watch?v=yq15fABl3LM,https://www.youtube.com/watch?v=HMF-Ryt66_E,https://www.youtube.com/watch?v=9AvX7ePVcbg,","Pessoas e blogs"
"TV CONTAG - AO VIVO- 5º ENAFOR - PAINEL: REFORMA AGRÁRIA – TERRA, ÁGUA E AGROECOLOGIA","109","7","0","0","0","https://www.youtube.com/watch?v=bha6s0bjYOA","2018-05-23T16:12:36.000Z","Painel: Reforma Agrária – Terra, Água e Agroecologia - Convidados:
Elias Borges (secretário de Política Agrária da CONTAG) e João Pedro
Stédile (coordenação nacional do MST) - Givania Maria (CONAQ)","['CONTAG', 'ENFOC', 'ENAFOR', '5ºENAFOR', 'EDUCAÇÃO POPULAR', '#hangoutsonair', 'Hangouts On Air', '#hoa']",True,"PT4H22M6S","https://i.ytimg.com/vi/bha6s0bjYOA/hqdefault.jpg","https://www.youtube.com/watch?v=ierujKFgi5U,https://www.youtube.com/watch?v=fDie9H6WAec,https://www.youtube.com/watch?v=6Nbv7TEKZEk,https://www.youtube.com/watch?v=DksONLntYzs,https://www.youtube.com/watch?v=m7QPAmQ4_xQ,https://www.youtube.com/watch?v=xsSUx_tu1iI,https://www.youtube.com/watch?v=ZXEYRiP4GiA,https://www.youtube.com/watch?v=9jfvep51fQs,https://www.youtube.com/watch?v=7rRjrYKGNG8,https://www.youtube.com/watch?v=F__TvaadLVs,https://www.youtube.com/watch?v=83wpww_oiiI,https://www.youtube.com/watch?v=ktQfCEPuXM4,https://www.youtube.com/watch?v=ZZEz1UIAu6k,https://www.youtube.com/watch?v=nY6HJ9hTCaE,https://www.youtube.com/watch?v=mnzjdZ6L60c,https://www.youtube.com/watch?v=xu_DYdOL2Fk,https://www.youtube.com/watch?v=sL28LDX8mwY,https://www.youtube.com/watch?v=LUtsqAg8c_8,https://www.youtube.com/watch?v=Pv8WDpkhGKg,https://www.youtube.com/watch?v=KHp6JUokvTs,https://www.youtube.com/watch?v=e1dm7wKgUok,https://www.youtube.com/watch?v=ZRRHM2D2-wY,https://www.youtube.com/watch?v=1lEUNsknqUM,https://www.youtube.com/watch?v=1oiXm3BYAqU,https://www.youtube.com/watch?v=iZ3g46Ft2h8,https://www.youtube.com/watch?v=4oh6jrr1Jt8,https://www.youtube.com/watch?v=HNo6EkfvfKE,https://www.youtube.com/watch?v=rq8MXKJrLug,https://www.youtube.com/watch?v=4MrQ8T8oPok,https://www.youtube.com/watch?v=F6YscZvvVoo,https://www.youtube.com/watch?v=MZr-w8SGwgo,https://www.youtube.com/watch?v=VVQKyNvV5LQ,https://www.youtube.com/watch?v=1jfvGZFwkQE,https://www.youtube.com/watch?v=9XuW1FM2eEg,https://www.youtube.com/watch?v=pXIJHR2Rvzc,https://www.youtube.com/watch?v=cJfOrBmHEG8,https://www.youtube.com/watch?v=SA49VDhh1TI,https://www.youtube.com/watch?v=6Kd3y87Dzmo,https://www.youtube.com/watch?v=brj95TxKIgs,https://www.youtube.com/watch?v=rWLjdR0jbIA,https://www.youtube.com/watch?v=d_0gyV18fo8,https://www.youtube.com/watch?v=cSSfxpLdYiI,https://www.youtube.com/watch?v=fEFsksQY-HU,https://www.youtube.com/watch?v=lwEUK8_E60k,","Pessoas e blogs"
"TV CONTAG - AO VIVO - 5º ENAFOR - CULTURA POPULAR E TEATRO","98","7","0","0","0","https://www.youtube.com/watch?v=6Nbv7TEKZEk","2018-05-23T00:12:59.000Z","Apresentação da Cia Burlesca de Teatro","['CONTAG', 'ENFOC', 'ENAFOR', '5ºENAFOR', 'EDUCAÇÃO POPULAR', '#hangoutsonair', 'Hangouts On Air', '#hoa']",True,"PT1H1M45S","https://i.ytimg.com/vi/6Nbv7TEKZEk/hqdefault.jpg","https://www.youtube.com/watch?v=fDie9H6WAec,https://www.youtube.com/watch?v=ierujKFgi5U,https://www.youtube.com/watch?v=ZXEYRiP4GiA,https://www.youtube.com/watch?v=bha6s0bjYOA,https://www.youtube.com/watch?v=nY6HJ9hTCaE,https://www.youtube.com/watch?v=m7QPAmQ4_xQ,https://www.youtube.com/watch?v=ZHOcKcqGID4,https://www.youtube.com/watch?v=9jfvep51fQs,https://www.youtube.com/watch?v=DksONLntYzs,https://www.youtube.com/watch?v=83wpww_oiiI,https://www.youtube.com/watch?v=xsSUx_tu1iI,https://www.youtube.com/watch?v=1UWSab7jQkY,https://www.youtube.com/watch?v=ktQfCEPuXM4,https://www.youtube.com/watch?v=Pv8WDpkhGKg,https://www.youtube.com/watch?v=sL28LDX8mwY,https://www.youtube.com/watch?v=9PyxVGvuf_k,https://www.youtube.com/watch?v=ILrrwWkCmTg,https://www.youtube.com/watch?v=kyU5CPP8sZc,https://www.youtube.com/watch?v=dFaVAuoHI94,https://www.youtube.com/watch?v=1lEUNsknqUM,https://www.youtube.com/watch?v=7rRjrYKGNG8,https://www.youtube.com/watch?v=nrGfk219Bwo,https://www.youtube.com/watch?v=r1UBtgw2Jew,https://www.youtube.com/watch?v=HNo6EkfvfKE,https://www.youtube.com/watch?v=ess1JxLEOBU,https://www.youtube.com/watch?v=1MQywFa1zNQ,https://www.youtube.com/watch?v=tRDciuWP18A,https://www.youtube.com/watch?v=wABaRjPKeRA,https://www.youtube.com/watch?v=dlxzt1yEjPM,https://www.youtube.com/watch?v=mkhwX29-Wfs,https://www.youtube.com/watch?v=cbuNTn5Zg_g,https://www.youtube.com/watch?v=2BPZDlHIFRQ,https://www.youtube.com/watch?v=DE33QTz2D1A,https://www.youtube.com/watch?v=Q1cExa3yVqo,https://www.youtube.com/watch?v=JnFW7SkRU3o,https://www.youtube.com/watch?v=rb8xY0uvRFU,https://www.youtube.com/watch?v=k5reTMF-XNg,https://www.youtube.com/watch?v=L03znN6oyHE,https://www.youtube.com/watch?v=gXY3MtjkQ3I,https://www.youtube.com/watch?v=H0HD5A4qhkE,https://www.youtube.com/watch?v=6Hpnre2toBY,https://www.youtube.com/watch?v=zjy_7Azpplk,https://www.youtube.com/watch?v=NL_SgsV2hqU,https://www.youtube.com/watch?v=_ToMl8jtjlU,https://www.youtube.com/watch?v=x4r7HYqW8rY,https://www.youtube.com/watch?v=lNRlgd2hQY8,https://www.youtube.com/watch?v=ODWNflnArls,https://www.youtube.com/watch?v=4c7uMHnxiVk,https://www.youtube.com/watch?v=QJdnHErcPBU,https://www.youtube.com/watch?v=3ovWpnKSoic,","Pessoas e blogs"
"TV CONTAG- AO VIVO - 5º ENAFOR - VIVÊNCIAS DA ENFOC NO BRASIL","195","1","0","0","0","https://www.youtube.com/watch?v=fDie9H6WAec","2018-05-22T19:25:12.000Z","","['CONTAG', 'ENFOC', 'EDUCAÇÃO POPULAR', '5º ENAFOR', '#hangoutsonair', 'Hangouts On Air', '#hoa']",True,"PT39M21S","https://i.ytimg.com/vi/fDie9H6WAec/hqdefault.jpg","https://www.youtube.com/watch?v=KyMFW7pt9qs,https://www.youtube.com/watch?v=GGIDFvwsPkc,https://www.youtube.com/watch?v=m7QPAmQ4_xQ,https://www.youtube.com/watch?v=ierujKFgi5U,https://www.youtube.com/watch?v=ZXEYRiP4GiA,https://www.youtube.com/watch?v=7rRjrYKGNG8,https://www.youtube.com/watch?v=6Nbv7TEKZEk,https://www.youtube.com/watch?v=83wpww_oiiI,https://www.youtube.com/watch?v=bha6s0bjYOA,https://www.youtube.com/watch?v=xsSUx_tu1iI,https://www.youtube.com/watch?v=ktQfCEPuXM4,https://www.youtube.com/watch?v=ILrrwWkCmTg,https://www.youtube.com/watch?v=hkGHanWRX58,https://www.youtube.com/watch?v=HjK2gyMai7Q,https://www.youtube.com/watch?v=1lEUNsknqUM,https://www.youtube.com/watch?v=HNo6EkfvfKE,https://www.youtube.com/watch?v=iZ3g46Ft2h8,https://www.youtube.com/watch?v=-nItLUNfjPg,https://www.youtube.com/watch?v=gmIGmUFCekI,https://www.youtube.com/watch?v=SkWiq7D-Pxw,https://www.youtube.com/watch?v=ODWNflnArls,https://www.youtube.com/watch?v=dsrE69ywhVc,https://www.youtube.com/watch?v=-gWxquoWlKM,https://www.youtube.com/watch?v=AA4Ja85U3rA,https://www.youtube.com/watch?v=w2GbwQPemgU,https://www.youtube.com/watch?v=pSyE82yRaKU,https://www.youtube.com/watch?v=jNPGKZQcdVM,https://www.youtube.com/watch?v=ntl_0l0tHKg,https://www.youtube.com/watch?v=xx5ct-5Sscc,https://www.youtube.com/watch?v=__w-n44n25c,https://www.youtube.com/watch?v=rWLjdR0jbIA,https://www.youtube.com/watch?v=DvEoInQme_o,https://www.youtube.com/watch?v=Jbjp_YHFcIg,https://www.youtube.com/watch?v=Pxllie2rerA,https://www.youtube.com/watch?v=Whl1EvA1Uzg,https://www.youtube.com/watch?v=oPOves3Kg4Q,https://www.youtube.com/watch?v=AoZK7wig5VU,https://www.youtube.com/watch?v=MzKwLpoqj0w,https://www.youtube.com/watch?v=CgMhN-ysbZI,https://www.youtube.com/watch?v=eu_puJJD34o,https://www.youtube.com/watch?v=Q2PwzSnIuQM,https://www.youtube.com/watch?v=JuoGbhBSgi0,https://www.youtube.com/watch?v=iuOCVu--QEU,https://www.youtube.com/watch?v=gqG7KYQ5KL8,https://www.youtube.com/watch?v=GTTCyqqyt3A,https://www.youtube.com/watch?v=7eia3g1zyJM,https://www.youtube.com/watch?v=lkUhEvKD7wo,https://www.youtube.com/watch?v=wORsUEQPIPI,https://www.youtube.com/watch?v=6Rv3NX0G4kw,https://www.youtube.com/watch?v=qFF8HUdYeAI,","Pessoas e blogs"
"TV CONTAG- AO VIVO- 5º ENAFOR- ESQUENTA TRABALHOS EM GRUPO- 22/05/18","18","1","0","0","0","https://www.youtube.com/watch?v=ktQfCEPuXM4","2018-05-22T17:58:12.000Z","","['#hangoutsonair', 'Hangouts On Air', '#hoa']",True,"PT35M42S","https://i.ytimg.com/vi/ktQfCEPuXM4/hqdefault.jpg","https://www.youtube.com/watch?v=fDie9H6WAec,https://www.youtube.com/watch?v=ierujKFgi5U,https://www.youtube.com/watch?v=DksONLntYzs,https://www.youtube.com/watch?v=m7QPAmQ4_xQ,https://www.youtube.com/watch?v=83wpww_oiiI,https://www.youtube.com/watch?v=ILrrwWkCmTg,https://www.youtube.com/watch?v=xsSUx_tu1iI,https://www.youtube.com/watch?v=6Nbv7TEKZEk,https://www.youtube.com/watch?v=s38WGrxjKWg,https://www.youtube.com/watch?v=Pv8WDpkhGKg,https://www.youtube.com/watch?v=1UWSab7jQkY,https://www.youtube.com/watch?v=7rRjrYKGNG8,https://www.youtube.com/watch?v=IBSdjuDgtYo,https://www.youtube.com/watch?v=HNo6EkfvfKE,https://www.youtube.com/watch?v=JULkG_iO1r4,https://www.youtube.com/watch?v=k-UHkVMZB80,https://www.youtube.com/watch?v=SjcX5CpCU4A,https://www.youtube.com/watch?v=nwCwIz_iYVI,https://www.youtube.com/watch?v=51LUAMFHVZg,https://www.youtube.com/watch?v=UBotS11Y98o,https://www.youtube.com/watch?v=wgIuIsMrVxE,https://www.youtube.com/watch?v=jitaXclnx9c,https://www.youtube.com/watch?v=K1V659vDFWo,https://www.youtube.com/watch?v=btwtnQ0rUxE,https://www.youtube.com/watch?v=UbgzvgV4hmA,https://www.youtube.com/watch?v=QKhlIuZgSZA,https://www.youtube.com/watch?v=LNm7IuTnS0I,https://www.youtube.com/watch?v=w89YT7DEi0g,https://www.youtube.com/watch?v=0Ptua--UEWg,https://www.youtube.com/watch?v=xpys-8ro7U8,https://www.youtube.com/watch?v=pSCG4IFexDw,https://www.youtube.com/watch?v=4k9eOtoyFQo,https://www.youtube.com/watch?v=6xb6dsgTQuw,https://www.youtube.com/watch?v=rWLjdR0jbIA,https://www.youtube.com/watch?v=urOG0N9QGuI,https://www.youtube.com/watch?v=13yleFX6Qz8,https://www.youtube.com/watch?v=2PKuGGUNBLU,https://www.youtube.com/watch?v=bE9Q1_Vu_yI,https://www.youtube.com/watch?v=CA1SziNJlX8,https://www.youtube.com/watch?v=kqituMNxNas,https://www.youtube.com/watch?v=LYHgTDT1d1s,https://www.youtube.com/watch?v=QJTyndzd0KY,https://www.youtube.com/watch?v=lfgU0iOzDFg,https://www.youtube.com/watch?v=-7Wn-sJImkY,https://www.youtube.com/watch?v=rN4sG3NAsls,","Pessoas e blogs"
"TV CONTAG - AO VIVO-  5º - ENAFOR - Painel: Campo, Sujeito e Identidades / Eleições 2018 - 2ªPARTE","29","0","0","0","0","https://www.youtube.com/watch?v=DksONLntYzs","2018-05-22T15:37:29.000Z","","['#hangoutsonair', 'Hangouts On Air', '#hoa']",True,"PT1H38M21S","https://i.ytimg.com/vi/DksONLntYzs/hqdefault.jpg","https://www.youtube.com/watch?v=bha6s0bjYOA,https://www.youtube.com/watch?v=m7QPAmQ4_xQ,https://www.youtube.com/watch?v=83wpww_oiiI,https://www.youtube.com/watch?v=xsSUx_tu1iI,https://www.youtube.com/watch?v=ierujKFgi5U,https://www.youtube.com/watch?v=6Nbv7TEKZEk,https://www.youtube.com/watch?v=ZXEYRiP4GiA,https://www.youtube.com/watch?v=1UWSab7jQkY,https://www.youtube.com/watch?v=ktQfCEPuXM4,https://www.youtube.com/watch?v=ILrrwWkCmTg,https://www.youtube.com/watch?v=-yKVSUprj3U,https://www.youtube.com/watch?v=9jfvep51fQs,https://www.youtube.com/watch?v=kyU5CPP8sZc,https://www.youtube.com/watch?v=Pv8WDpkhGKg,https://www.youtube.com/watch?v=B6wN-1ZK17c,https://www.youtube.com/watch?v=y76a9-PenE8,https://www.youtube.com/watch?v=1lEUNsknqUM,https://www.youtube.com/watch?v=HNo6EkfvfKE,https://www.youtube.com/watch?v=iZ3g46Ft2h8,https://www.youtube.com/watch?v=RMmZRNmgNa4,https://www.youtube.com/watch?v=tRDciuWP18A,https://www.youtube.com/watch?v=mkhwX29-Wfs,https://www.youtube.com/watch?v=EPsb_g3NVNs,https://www.youtube.com/watch?v=urOmkgn4ea4,https://www.youtube.com/watch?v=rq8MXKJrLug,https://www.youtube.com/watch?v=WBSCtp_5NhU,https://www.youtube.com/watch?v=nwCwIz_iYVI,https://www.youtube.com/watch?v=_3GI2VHCcBo,https://www.youtube.com/watch?v=XOKu2XO-474,https://www.youtube.com/watch?v=AhTM7Te6Ito,https://www.youtube.com/watch?v=VV7rOhArTN0,https://www.youtube.com/watch?v=6dq42V28LAg,https://www.youtube.com/watch?v=AA4Ja85U3rA,https://www.youtube.com/watch?v=t0FNo49NfJs,https://www.youtube.com/watch?v=SaZQbKe3Rho,https://www.youtube.com/watch?v=XoGFcmEDpAA,https://www.youtube.com/watch?v=ZGpwAwd8awE,https://www.youtube.com/watch?v=DEFzNxH2UPs,https://www.youtube.com/watch?v=tXRyIs754tw,https://www.youtube.com/watch?v=PKDFOMMGRAU,https://www.youtube.com/watch?v=opHSVlIAApY,https://www.youtube.com/watch?v=IFCKHGHNP4U,https://www.youtube.com/watch?v=GlPLeigzKxM,https://www.youtube.com/watch?v=rkyYHdqBodg,https://www.youtube.com/watch?v=eoSLYLQfx-Y,https://www.youtube.com/watch?v=DobSvEPKZWA,https://www.youtube.com/watch?v=RzE9svoryU0,https://www.youtube.com/watch?v=3uyZGuRL98E,https://www.youtube.com/watch?v=cggH50tzwX4,https://www.youtube.com/watch?v=NUjqBhIedxs,","Pessoas e blogs"
"TV CONTAG -AO VIVO - 5º ENAFOR - Painel: Campo, Sujeito e Identidades / Eleições 2018","114","2","0","0","0","https://www.youtube.com/watch?v=m7QPAmQ4_xQ","2018-05-22T13:57:20.000Z","Painel: Campo, Sujeito e Identidades / Eleições 2018 - Convidados: Socorro Silva (UFCG e colaboradora da ENFOC), Moisés Braz (deputado estadual do PT/CE) e Lázaro Dobri (deputado estadual do PT/RO)","['CONTAG', 'ENFOC', 'ENAFOR', 'EDUCAÇÃO POPULAR', '#hangoutsonair', 'Hangouts On Air', '#hoa']",True,"PT1H48M27S","https://i.ytimg.com/vi/m7QPAmQ4_xQ/hqdefault.jpg","https://www.youtube.com/watch?v=DksONLntYzs,https://www.youtube.com/watch?v=ierujKFgi5U,https://www.youtube.com/watch?v=83wpww_oiiI,https://www.youtube.com/watch?v=fDie9H6WAec,https://www.youtube.com/watch?v=xsSUx_tu1iI,https://www.youtube.com/watch?v=sL28LDX8mwY,https://www.youtube.com/watch?v=bha6s0bjYOA,https://www.youtube.com/watch?v=1UWSab7jQkY,https://www.youtube.com/watch?v=ktQfCEPuXM4,https://www.youtube.com/watch?v=9tDlQwfAQNE,https://www.youtube.com/watch?v=wRTk2YyuTUw,https://www.youtube.com/watch?v=9jfvep51fQs,https://www.youtube.com/watch?v=9kPJeD-icHc,https://www.youtube.com/watch?v=hkGHanWRX58,https://www.youtube.com/watch?v=ZXKyF45nNR4,https://www.youtube.com/watch?v=ZZEz1UIAu6k,https://www.youtube.com/watch?v=7rRjrYKGNG8,https://www.youtube.com/watch?v=1MQywFa1zNQ,https://www.youtube.com/watch?v=Syt8whKWiu8,https://www.youtube.com/watch?v=ztbpIVdHl3Q,https://www.youtube.com/watch?v=6Nbv7TEKZEk,https://www.youtube.com/watch?v=2BPZDlHIFRQ,https://www.youtube.com/watch?v=FgkE7UhfPVY,https://www.youtube.com/watch?v=nwCwIz_iYVI,https://www.youtube.com/watch?v=rXXJ5zeZxCg,https://www.youtube.com/watch?v=6Hpnre2toBY,https://www.youtube.com/watch?v=nY6HJ9hTCaE,https://www.youtube.com/watch?v=vYwVAwiyP30,https://www.youtube.com/watch?v=2PdM4Iawvzc,https://www.youtube.com/watch?v=1lEUNsknqUM,https://www.youtube.com/watch?v=tKlmZaB8mac,https://www.youtube.com/watch?v=CCCyCusseXc,https://www.youtube.com/watch?v=IFCKHGHNP4U,https://www.youtube.com/watch?v=Hug7IslHaMo,https://www.youtube.com/watch?v=SNi-yxEKggs,https://www.youtube.com/watch?v=iZ3g46Ft2h8,https://www.youtube.com/watch?v=WEeF3hxz4wI,https://www.youtube.com/watch?v=sq0mJV0ESrc,https://www.youtube.com/watch?v=AT18h5LMevc,https://www.youtube.com/watch?v=m6uWtp_g4vU,https://www.youtube.com/watch?v=HNo6EkfvfKE,https://www.youtube.com/watch?v=MnG-yu9NUno,https://www.youtube.com/watch?v=WHDy7varTnI,https://www.youtube.com/watch?v=6N_sUUAEcRU,https://www.youtube.com/watch?v=GrKILJYfeZ0,https://www.youtube.com/watch?v=6dq42V28LAg,https://www.youtube.com/watch?v=vrhILu88kE4,https://www.youtube.com/watch?v=tyEJHN5SKk8,https://www.youtube.com/watch?v=SPQQP7xLD2c,https://www.youtube.com/watch?v=GHuxQqvHaBQ,","Pessoas e blogs"
"TV CONTAG - 5º ENAFOR - Conferência: Democracia e o Golpe de 2016","101","4","0","0","0","https://www.youtube.com/watch?v=83wpww_oiiI","2018-05-21T21:27:24.000Z","5º ENAFOR Conferência: Democracia e o Golpe de 2016 – implicações para os movimentos sociais e para a classe trabalhadora - Convidados: Professor Luiz Felipe Miguel (UnB) e Olgamir Amância (DEX/UnB)","['CONTAG', 'ENFOC', 'ENAFOR', 'EDUCAÇÃO POPULAR', '#hangoutsonair', 'Hangouts On Air', '#hoa']",True,"PT1H41M17S","https://i.ytimg.com/vi/83wpww_oiiI/hqdefault.jpg","https://www.youtube.com/watch?v=xsSUx_tu1iI,https://www.youtube.com/watch?v=m7QPAmQ4_xQ,https://www.youtube.com/watch?v=zk7Knq-2S2Q,https://www.youtube.com/watch?v=DksONLntYzs,https://www.youtube.com/watch?v=ierujKFgi5U,https://www.youtube.com/watch?v=nY6HJ9hTCaE,https://www.youtube.com/watch?v=ZXEYRiP4GiA,https://www.youtube.com/watch?v=bha6s0bjYOA,https://www.youtube.com/watch?v=-yKVSUprj3U,https://www.youtube.com/watch?v=9jfvep51fQs,https://www.youtube.com/watch?v=wRTk2YyuTUw,https://www.youtube.com/watch?v=nQuUYc1x_VA,https://www.youtube.com/watch?v=ktQfCEPuXM4,https://www.youtube.com/watch?v=sL28LDX8mwY,https://www.youtube.com/watch?v=6Nbv7TEKZEk,https://www.youtube.com/watch?v=ztbpIVdHl3Q,https://www.youtube.com/watch?v=Pv8WDpkhGKg,https://www.youtube.com/watch?v=tMwr9CRyCnI,https://www.youtube.com/watch?v=IDKVkydq9Rs,https://www.youtube.com/watch?v=7rRjrYKGNG8,https://www.youtube.com/watch?v=W8XXw8v7ChM,https://www.youtube.com/watch?v=nwCwIz_iYVI,https://www.youtube.com/watch?v=xOFA56dsNAY,https://www.youtube.com/watch?v=2BPZDlHIFRQ,https://www.youtube.com/watch?v=1lEUNsknqUM,https://www.youtube.com/watch?v=dZp1FLzITMc,https://www.youtube.com/watch?v=iZ3g46Ft2h8,https://www.youtube.com/watch?v=wgBxipprC88,https://www.youtube.com/watch?v=Hug7IslHaMo,https://www.youtube.com/watch?v=zjy_7Azpplk,https://www.youtube.com/watch?v=AA4Ja85U3rA,https://www.youtube.com/watch?v=sq0mJV0ESrc,https://www.youtube.com/watch?v=pkEugkKQzDk,https://www.youtube.com/watch?v=HNo6EkfvfKE,https://www.youtube.com/watch?v=MnG-yu9NUno,https://www.youtube.com/watch?v=EUqwWsy83us,https://www.youtube.com/watch?v=mWuQs4aQgsQ,https://www.youtube.com/watch?v=vrhILu88kE4,https://www.youtube.com/watch?v=pt20pcSGLZ8,https://www.youtube.com/watch?v=MIuOEQPbZUU,https://www.youtube.com/watch?v=zaCQseBDj6I,https://www.youtube.com/watch?v=ruzaMAAWPyA,https://www.youtube.com/watch?v=rwzx09KjeUs,https://www.youtube.com/watch?v=2Knabb26VFo,https://www.youtube.com/watch?v=_WDdQCOY1jk,https://www.youtube.com/watch?v=RDsua1Tr-OE,https://www.youtube.com/watch?v=lX28OJWL1og,https://www.youtube.com/watch?v=V0z_kbn08ts,https://www.youtube.com/watch?v=nuljdLpk0hQ,https://www.youtube.com/watch?v=wxjqJwE_rbI,","Pessoas e blogs"
"TV CONTAG - ABERTURA DO 5º ENAFOR","181","14","0","0","0","https://www.youtube.com/watch?v=xsSUx_tu1iI","2018-05-21T19:41:35.000Z","Abertura oficial do 5º ENAFOR com diretoria da CONTAG, FETAG's, STTR's, Rede de Educadores Populares e instituições parceiras.","['CONTAG', 'ENFOC', 'ENAFOR', 'EDUCAÇÃO POPULAR', '#hangoutsonair', 'Hangouts On Air', '#hoa']",True,"PT1H46M56S","https://i.ytimg.com/vi/xsSUx_tu1iI/hqdefault.jpg","https://www.youtube.com/watch?v=83wpww_oiiI,https://www.youtube.com/watch?v=DksONLntYzs,https://www.youtube.com/watch?v=fDie9H6WAec,https://www.youtube.com/watch?v=ierujKFgi5U,https://www.youtube.com/watch?v=m7QPAmQ4_xQ,https://www.youtube.com/watch?v=bha6s0bjYOA,https://www.youtube.com/watch?v=ZXEYRiP4GiA,https://www.youtube.com/watch?v=-yKVSUprj3U,https://www.youtube.com/watch?v=9jfvep51fQs,https://www.youtube.com/watch?v=6Nbv7TEKZEk,https://www.youtube.com/watch?v=kyU5CPP8sZc,https://www.youtube.com/watch?v=ZZEz1UIAu6k,https://www.youtube.com/watch?v=ILrrwWkCmTg,https://www.youtube.com/watch?v=ztbpIVdHl3Q,https://www.youtube.com/watch?v=FgkE7UhfPVY,https://www.youtube.com/watch?v=dFaVAuoHI94,https://www.youtube.com/watch?v=7rRjrYKGNG8,https://www.youtube.com/watch?v=1lEUNsknqUM,https://www.youtube.com/watch?v=IDKVkydq9Rs,https://www.youtube.com/watch?v=3c5cOZKJ6CM,https://www.youtube.com/watch?v=HNo6EkfvfKE,https://www.youtube.com/watch?v=iZ3g46Ft2h8,https://www.youtube.com/watch?v=mkhwX29-Wfs,https://www.youtube.com/watch?v=hZRxkZxaHCI,https://www.youtube.com/watch?v=sL28LDX8mwY,https://www.youtube.com/watch?v=9PyxVGvuf_k,https://www.youtube.com/watch?v=wABaRjPKeRA,https://www.youtube.com/watch?v=dlxzt1yEjPM,https://www.youtube.com/watch?v=BDRq0Z6UP9w,https://www.youtube.com/watch?v=MnG-yu9NUno,https://www.youtube.com/watch?v=tMwr9CRyCnI,https://www.youtube.com/watch?v=D9CQ448vnz0,https://www.youtube.com/watch?v=WEeF3hxz4wI,https://www.youtube.com/watch?v=99SphC7qFs8,https://www.youtube.com/watch?v=vrhILu88kE4,https://www.youtube.com/watch?v=xOFA56dsNAY,https://www.youtube.com/watch?v=7kbzS-bHnhE,https://www.youtube.com/watch?v=_EPdXsxt_3s,https://www.youtube.com/watch?v=pt20pcSGLZ8,https://www.youtube.com/watch?v=Biz8pERHgd8,https://www.youtube.com/watch?v=xMWk-o0LVY4,https://www.youtube.com/watch?v=GGVYh90EkHU,https://www.youtube.com/watch?v=HuoYk56OTNc,https://www.youtube.com/watch?v=aPlER2Usx8c,https://www.youtube.com/watch?v=foC5JPcFS4I,https://www.youtube.com/watch?v=nwCwIz_iYVI,https://www.youtube.com/watch?v=2BPZDlHIFRQ,https://www.youtube.com/watch?v=2FhUVmoZY0E,https://www.youtube.com/watch?v=AA4Ja85U3rA,https://www.youtube.com/watch?v=zjy_7Azpplk,","Pessoas e blogs"
"TV CONTAG- ABERTURA DO 5ºENAFOR - 2ªPARTE","11","0","0","0","0","https://www.youtube.com/watch?v=rWLjdR0jbIA","2018-05-21T19:35:56.000Z","","['#hangoutsonair', 'Hangouts On Air', '#hoa']",True,"PT21S","https://i.ytimg.com/vi/rWLjdR0jbIA/hqdefault.jpg","https://www.youtube.com/watch?v=fDie9H6WAec,https://www.youtube.com/watch?v=ierujKFgi5U,https://www.youtube.com/watch?v=nQuUYc1x_VA,https://www.youtube.com/watch?v=-yKVSUprj3U,https://www.youtube.com/watch?v=9PyxVGvuf_k,https://www.youtube.com/watch?v=ZXEYRiP4GiA,https://www.youtube.com/watch?v=9jfvep51fQs,https://www.youtube.com/watch?v=m7QPAmQ4_xQ,https://www.youtube.com/watch?v=7rRjrYKGNG8,https://www.youtube.com/watch?v=HNo6EkfvfKE,https://www.youtube.com/watch?v=ktQfCEPuXM4,https://www.youtube.com/watch?v=xsSUx_tu1iI,https://www.youtube.com/watch?v=kyU5CPP8sZc,https://www.youtube.com/watch?v=6Nbv7TEKZEk,https://www.youtube.com/watch?v=ILrrwWkCmTg,https://www.youtube.com/watch?v=J7VjxrlrKRE,https://www.youtube.com/watch?v=zEAnDPeYlSw,https://www.youtube.com/watch?v=1lEUNsknqUM,https://www.youtube.com/watch?v=gXY3MtjkQ3I,https://www.youtube.com/watch?v=3c5cOZKJ6CM,https://www.youtube.com/watch?v=iZ3g46Ft2h8,https://www.youtube.com/watch?v=mOB0mQoZoAs,https://www.youtube.com/watch?v=nwCwIz_iYVI,https://www.youtube.com/watch?v=jlzlEuUoZf4,https://www.youtube.com/watch?v=Gt2dOhxHmiM,https://www.youtube.com/watch?v=76ww_spaxxs,https://www.youtube.com/watch?v=Xhbp4OoBY08,https://www.youtube.com/watch?v=9EJsycd5mLE,https://www.youtube.com/watch?v=qcptVed9JUI,https://www.youtube.com/watch?v=o3LMrQvk7Jg,https://www.youtube.com/watch?v=XFzMp6VXxQA,https://www.youtube.com/watch?v=figMTw1CMaE,https://www.youtube.com/watch?v=RDsua1Tr-OE,https://www.youtube.com/watch?v=neFZC6iuNq0,https://www.youtube.com/watch?v=ET8gM2mxO80,https://www.youtube.com/watch?v=BZAQp7Ozq8c,https://www.youtube.com/watch?v=GOzNT1BJ9Fk,https://www.youtube.com/watch?v=rkyYHdqBodg,https://www.youtube.com/watch?v=HCB74ydQKEg,https://www.youtube.com/watch?v=IwscTPLqnL8,https://www.youtube.com/watch?v=TGjxM8FHZRg,https://www.youtube.com/watch?v=flXaeX8U3xo,https://www.youtube.com/watch?v=Bf2ipCFUtAw,https://www.youtube.com/watch?v=mPMDORnyd_E,https://www.youtube.com/watch?v=RRjoUp-YKCw,","Pessoas e blogs"
"TV CONTAG- ABERTURA DO 5ºENAFOR - 2ªPARTE","10","0","0","0","0","https://www.youtube.com/watch?v=HNo6EkfvfKE","2018-05-21T19:32:05.000Z","","['#hangoutsonair', 'Hangouts On Air', '#hoa']",True,"PT2M35S","https://i.ytimg.com/vi/HNo6EkfvfKE/hqdefault.jpg","https://www.youtube.com/watch?v=DksONLntYzs,https://www.youtube.com/watch?v=fDie9H6WAec,https://www.youtube.com/watch?v=ierujKFgi5U,https://www.youtube.com/watch?v=m7QPAmQ4_xQ,https://www.youtube.com/watch?v=xsSUx_tu1iI,https://www.youtube.com/watch?v=9jfvep51fQs,https://www.youtube.com/watch?v=83wpww_oiiI,https://www.youtube.com/watch?v=-yKVSUprj3U,https://www.youtube.com/watch?v=Pv8WDpkhGKg,https://www.youtube.com/watch?v=nQuUYc1x_VA,https://www.youtube.com/watch?v=bha6s0bjYOA,https://www.youtube.com/watch?v=7rRjrYKGNG8,https://www.youtube.com/watch?v=9PyxVGvuf_k,https://www.youtube.com/watch?v=1UWSab7jQkY,https://www.youtube.com/watch?v=mkhwX29-Wfs,https://www.youtube.com/watch?v=1lEUNsknqUM,https://www.youtube.com/watch?v=UzecvJb8g-g,https://www.youtube.com/watch?v=ILrrwWkCmTg,https://www.youtube.com/watch?v=6Nbv7TEKZEk,https://www.youtube.com/watch?v=zEAnDPeYlSw,https://www.youtube.com/watch?v=3c5cOZKJ6CM,https://www.youtube.com/watch?v=DV4lZDKh_2g,https://www.youtube.com/watch?v=BDRq0Z6UP9w,https://www.youtube.com/watch?v=wABaRjPKeRA,https://www.youtube.com/watch?v=60Zs0ewcn70,https://www.youtube.com/watch?v=Dd-es12mT4g,https://www.youtube.com/watch?v=Biz8pERHgd8,https://www.youtube.com/watch?v=EPsb_g3NVNs,https://www.youtube.com/watch?v=Gt2dOhxHmiM,https://www.youtube.com/watch?v=jlzlEuUoZf4,https://www.youtube.com/watch?v=mOB0mQoZoAs,https://www.youtube.com/watch?v=Xhbp4OoBY08,https://www.youtube.com/watch?v=nwCwIz_iYVI,https://www.youtube.com/watch?v=2PdM4Iawvzc,https://www.youtube.com/watch?v=GOzNT1BJ9Fk,https://www.youtube.com/watch?v=rWLjdR0jbIA,https://www.youtube.com/watch?v=ET8gM2mxO80,https://www.youtube.com/watch?v=wCgn5ECI6AM,https://www.youtube.com/watch?v=BZAQp7Ozq8c,https://www.youtube.com/watch?v=-5wGIeUd2qk,https://www.youtube.com/watch?v=TGjxM8FHZRg,https://www.youtube.com/watch?v=Bf2ipCFUtAw,https://www.youtube.com/watch?v=IwscTPLqnL8,https://www.youtube.com/watch?v=AxjZAtVV30Q,https://www.youtube.com/watch?v=flXaeX8U3xo,https://www.youtube.com/watch?v=KNhW4vwI8HM,https://www.youtube.com/watch?v=wrkp_Z6iIA4,https://www.youtube.com/watch?v=RRjoUp-YKCw,https://www.youtube.com/watch?v=l3sYmaa_X10,","Pessoas e blogs"
"BEM-VINDOS(AS) AO 5º ENAFOR!","208","3","0","0","0","https://www.youtube.com/watch?v=7rRjrYKGNG8","2018-05-18T20:41:21.000Z","Olá educadores e educadoras Populares da nossa Rede da ENFOC!

Bom ter vocês mais uma vez aqui. 

Com muito debate político, com todas as nossas cores e ritmos vamos afirmar: ""Educação Popular é resistir, é transformar!""","disabled",True,"PT2M43S","https://i.ytimg.com/vi/7rRjrYKGNG8/hqdefault.jpg","https://www.youtube.com/watch?v=ierujKFgi5U,https://www.youtube.com/watch?v=fDie9H6WAec,https://www.youtube.com/watch?v=Pv8WDpkhGKg,https://www.youtube.com/watch?v=tOHK5-gAZIc,https://www.youtube.com/watch?v=nuXNvfjPrTw,https://www.youtube.com/watch?v=ZXEYRiP4GiA,https://www.youtube.com/watch?v=Pz4vQM_EmzI,https://www.youtube.com/watch?v=eR4Xe59ZkyU,https://www.youtube.com/watch?v=kyU5CPP8sZc,https://www.youtube.com/watch?v=iZ3g46Ft2h8,https://www.youtube.com/watch?v=ktQfCEPuXM4,https://www.youtube.com/watch?v=yys6q5OaWNY,https://www.youtube.com/watch?v=s6NNOeiQpPM,https://www.youtube.com/watch?v=bha6s0bjYOA,https://www.youtube.com/watch?v=CYs5A0O3AiY,https://www.youtube.com/watch?v=xsSUx_tu1iI,https://www.youtube.com/watch?v=1lEUNsknqUM,https://www.youtube.com/watch?v=pJ5LjmO9FZ8,https://www.youtube.com/watch?v=2jEaQQ01asY,https://www.youtube.com/watch?v=fGbSDo2Qnvg,https://www.youtube.com/watch?v=HgqP_D6WjE8,https://www.youtube.com/watch?v=m7QPAmQ4_xQ,https://www.youtube.com/watch?v=DksONLntYzs,https://www.youtube.com/watch?v=2LT7jEJwGYc,https://www.youtube.com/watch?v=S76a9dLdSKM,https://www.youtube.com/watch?v=pAXdoFgcUGQ,https://www.youtube.com/watch?v=83wpww_oiiI,https://www.youtube.com/watch?v=ILrrwWkCmTg,https://www.youtube.com/watch?v=dImLHAxTN2w,https://www.youtube.com/watch?v=IAnzAWt5tCI,https://www.youtube.com/watch?v=o4WcvH-2IbI,https://www.youtube.com/watch?v=60c1RapBN7U,https://www.youtube.com/watch?v=s1mdB4gD0rw,https://www.youtube.com/watch?v=1UWSab7jQkY,https://www.youtube.com/watch?v=vpg9Ik_3ak0,https://www.youtube.com/watch?v=2Z8sCb018XQ,https://www.youtube.com/watch?v=_S4m-THvoDk,https://www.youtube.com/watch?v=6Nbv7TEKZEk,https://www.youtube.com/watch?v=TN6Ez9_bvcg,https://www.youtube.com/watch?v=_BZtQf5NcvE,https://www.youtube.com/watch?v=CMC81uGoOcQ,https://www.youtube.com/watch?v=LWBodKwuHCM,https://www.youtube.com/watch?v=5HRs25cjuAE,https://www.youtube.com/watch?v=0t1xS8r6O2k,https://www.youtube.com/watch?v=Kla7LmFDleE,https://www.youtube.com/watch?v=ieasHdgWDJA,https://www.youtube.com/watch?v=MwMEuK-DfEw,https://www.youtube.com/watch?v=geQl2cZxR7Q,https://www.youtube.com/watch?v=x-hwQN22UuY,https://www.youtube.com/watch?v=0rfdcMg4tLU,","Pessoas e blogs"
"POLÍTICA DE COTA PARA JUVENTUDE RURAL","141","6","0","0","0","https://www.youtube.com/watch?v=Pv8WDpkhGKg","2018-04-19T13:01:08.000Z","Como será o futuro da luta do Movimento Sindical se não garantirmos a participação da Juventude nos espaços de decisão do Sistema CONTAG?

E como os desafios da Juventude estarão representados se os(as) Jovens não tiverem espaço para falar e executar suas ideias? 

Então... Vamos garantir no mínimo 20% dos (as) Jovens nas Diretorias das instâncias do Sistema CONTAG. Vamos fortalecer a luta do Movimento Sindical!","disabled",True,"PT3M35S","https://i.ytimg.com/vi/Pv8WDpkhGKg/hqdefault.jpg","https://www.youtube.com/watch?v=9PyxVGvuf_k,https://www.youtube.com/watch?v=ZXEYRiP4GiA,https://www.youtube.com/watch?v=rpyxQoXhA9I,https://www.youtube.com/watch?v=lz2O__duLsg,https://www.youtube.com/watch?v=kyU5CPP8sZc,https://www.youtube.com/watch?v=62EKEO_WfMg,https://www.youtube.com/watch?v=oBb_KwKwzvI,https://www.youtube.com/watch?v=_cUGwdXkhCo,https://www.youtube.com/watch?v=44nvPRGn1Z8,https://www.youtube.com/watch?v=C1KsbQkSMTk,https://www.youtube.com/watch?v=iZ3g46Ft2h8,https://www.youtube.com/watch?v=7elulSJebyE,https://www.youtube.com/watch?v=GXbNd0i8XSY,https://www.youtube.com/watch?v=AT18h5LMevc,https://www.youtube.com/watch?v=1lEUNsknqUM,https://www.youtube.com/watch?v=DksONLntYzs,https://www.youtube.com/watch?v=LjHCjlVBp00,https://www.youtube.com/watch?v=xsSUx_tu1iI,https://www.youtube.com/watch?v=wQ7_-oi7YaQ,https://www.youtube.com/watch?v=us-uWRsQLXY,https://www.youtube.com/watch?v=chJOV46wj9g,https://www.youtube.com/watch?v=m7QPAmQ4_xQ,https://www.youtube.com/watch?v=nwCwIz_iYVI,https://www.youtube.com/watch?v=tv8QXJnlWLs,https://www.youtube.com/watch?v=0CNv04m8AN0,https://www.youtube.com/watch?v=TSeUNgD6wzg,https://www.youtube.com/watch?v=xNYjJnhXNIQ,https://www.youtube.com/watch?v=6_SVHikts7w,https://www.youtube.com/watch?v=glsyfgqshOs,https://www.youtube.com/watch?v=4Ibg2wDtvLA,https://www.youtube.com/watch?v=AnkcJjzh4Bk,https://www.youtube.com/watch?v=29_lgC-c38s,https://www.youtube.com/watch?v=I8gOQ6C5eZU,https://www.youtube.com/watch?v=rWLjdR0jbIA,https://www.youtube.com/watch?v=-RXgpJEO8ys,https://www.youtube.com/watch?v=5twgHMt-e_U,https://www.youtube.com/watch?v=0b-xf6wbLYc,","Pessoas e blogs"
"ACAMPAMENTO ""LULA LIVRE"" - BRASÍLIA/DF","365","15","2","0","0","https://www.youtube.com/watch?v=iZ3g46Ft2h8","2018-04-18T20:54:50.000Z","Pulsa a resistência pela DEMOCRACIA e a LIBERDADE, no coração da capital federal. Acampados e acampadas de todo Brasil em resistência ao golpe político, midiático e jurídico, e pela liberdade do ex-presidente Lula.

#LulaLivre","disabled",True,"PT4M29S","https://i.ytimg.com/vi/iZ3g46Ft2h8/hqdefault.jpg","https://www.youtube.com/watch?v=YavN-5KgjIQ,https://www.youtube.com/watch?v=r1UBtgw2Jew,https://www.youtube.com/watch?v=aFV1nh0UHjQ,https://www.youtube.com/watch?v=T6ii8L6duCc,https://www.youtube.com/watch?v=YYubkboEtVM,https://www.youtube.com/watch?v=CRbhdbNbDOw,https://www.youtube.com/watch?v=pxGT1J9rTm8,https://www.youtube.com/watch?v=Du6fGeD0sm8,https://www.youtube.com/watch?v=2BPZDlHIFRQ,https://www.youtube.com/watch?v=qBSujIKQW3A,https://www.youtube.com/watch?v=3IGu56BgOAs,https://www.youtube.com/watch?v=a5iRFKWwRjU,https://www.youtube.com/watch?v=n_-7qpc7EO0,https://www.youtube.com/watch?v=2_lMqcan67w,https://www.youtube.com/watch?v=AE8WHMnELnE,https://www.youtube.com/watch?v=HxdPQrx3m_c,https://www.youtube.com/watch?v=Sa8a_r5SEFA,https://www.youtube.com/watch?v=o8k-3VXzlzI,https://www.youtube.com/watch?v=c3Hq9Pbb2fI,https://www.youtube.com/watch?v=bha6s0bjYOA,https://www.youtube.com/watch?v=M500xZQ24Ko,https://www.youtube.com/watch?v=DqJ0kF1_oL0,https://www.youtube.com/watch?v=NGDhSSfo2j0,https://www.youtube.com/watch?v=vSLomSQLzf0,https://www.youtube.com/watch?v=ZXdXPBEirdY,https://www.youtube.com/watch?v=0zftDnMf_tI,https://www.youtube.com/watch?v=3KKZG16If0w,https://www.youtube.com/watch?v=PBe6fW07TBk,https://www.youtube.com/watch?v=IwdYk-ESSvA,https://www.youtube.com/watch?v=hjvDond-IxI,https://www.youtube.com/watch?v=VCLfbLxTfRM,https://www.youtube.com/watch?v=s7Q_0czoKqk,https://www.youtube.com/watch?v=043Jb5qCYUI,https://www.youtube.com/watch?v=wRrt6G2KvvQ,https://www.youtube.com/watch?v=F0Zz1iyHBiQ,https://www.youtube.com/watch?v=WVPT34H8anc,https://www.youtube.com/watch?v=IR9Jt5qaq9U,https://www.youtube.com/watch?v=00NvqY-c4KM,https://www.youtube.com/watch?v=6ac2-SkadN8,https://www.youtube.com/watch?v=kyU5CPP8sZc,https://www.youtube.com/watch?v=dIj2tU3LPR0,https://www.youtube.com/watch?v=Hhs982WCHdo,https://www.youtube.com/watch?v=Ee7ofkJORhM,https://www.youtube.com/watch?v=lNRlgd2hQY8,https://www.youtube.com/watch?v=CkshKPpmyNA,https://www.youtube.com/watch?v=IEyMqOg_yrY,https://www.youtube.com/watch?v=rqGb1noylQs,https://www.youtube.com/watch?v=70jSdMSpPNc,https://www.youtube.com/watch?v=kCX2QkNfKb4,https://www.youtube.com/watch?v=uvR8nDucCdU,","Pessoas e blogs"
"Jamais poderão aprisionar nossos sonhos!","107","5","0","0","0","https://www.youtube.com/watch?v=-rqKGMhnmGk","2018-04-12T13:38:04.000Z","Assista o vídeo: Jamais poderão aprisionar nossos sonhos! que  mostra o caminho percorrido por um menino que saiu lá do sertão nordestino em busca de um Brasil mais justo, sem fome, com escola, casa. emprego e com oportunidades para o povo brasileiro.","disabled",True,"PT2M15S","https://i.ytimg.com/vi/-rqKGMhnmGk/hqdefault.jpg","https://www.youtube.com/watch?v=FHD9PApGdI4,https://www.youtube.com/watch?v=sqNLUn0CbkM,https://www.youtube.com/watch?v=qmhLS737w9w,https://www.youtube.com/watch?v=FRyVYoFHO8o,https://www.youtube.com/watch?v=w0L94XdLOow,https://www.youtube.com/watch?v=2DLZtl9o3vM,https://www.youtube.com/watch?v=TsJxdQv2IqU,https://www.youtube.com/watch?v=eZUfY0SoadQ,https://www.youtube.com/watch?v=H80iU40E7q4,https://www.youtube.com/watch?v=fo6cybfcTF0,https://www.youtube.com/watch?v=JgCy5YNuLHg,https://www.youtube.com/watch?v=reJUccEutFk,https://www.youtube.com/watch?v=7a0ATNMVmQE,https://www.youtube.com/watch?v=xs9b8QOlzYY,https://www.youtube.com/watch?v=dflvXnGeZWs,https://www.youtube.com/watch?v=4eMYFI8pj74,https://www.youtube.com/watch?v=5wjm_If3dg8,https://www.youtube.com/watch?v=TBNr29xNZmE,https://www.youtube.com/watch?v=s3tzh2pwDyE,https://www.youtube.com/watch?v=BxoDNekQT34,https://www.youtube.com/watch?v=luZtCeD3wUc,https://www.youtube.com/watch?v=xuXJMsiiPfo,https://www.youtube.com/watch?v=REyw-9Udc4M,https://www.youtube.com/watch?v=NGDhSSfo2j0,https://www.youtube.com/watch?v=-j0iVzsLMro,https://www.youtube.com/watch?v=LbbmBRoZ5TA,https://www.youtube.com/watch?v=xcMJQascHLk,https://www.youtube.com/watch?v=UUOEse9SlRk,https://www.youtube.com/watch?v=rehDV9RXDDI,https://www.youtube.com/watch?v=zjhN6NndziU,https://www.youtube.com/watch?v=FVCoLquFUZE,https://www.youtube.com/watch?v=mZwc3qKh7Sw,https://www.youtube.com/watch?v=UIVk2SrxsXc,https://www.youtube.com/watch?v=CUZDt3gKuqg,https://www.youtube.com/watch?v=NVPfspSuY70,https://www.youtube.com/watch?v=wRrt6G2KvvQ,https://www.youtube.com/watch?v=7elulSJebyE,https://www.youtube.com/watch?v=MR-rwP5lCyg,https://www.youtube.com/watch?v=o0pJ3HzkBWA,https://www.youtube.com/watch?v=4bw8Yo0_qgU,https://www.youtube.com/watch?v=1lEUNsknqUM,https://www.youtube.com/watch?v=9IQvxqvJzjM,https://www.youtube.com/watch?v=043Jb5qCYUI,https://www.youtube.com/watch?v=S5ENpcGnRKs,https://www.youtube.com/watch?v=bOdsqu3sUdo,https://www.youtube.com/watch?v=RHt0Ge-hi_w,https://www.youtube.com/watch?v=qRZy_7pANhI,https://www.youtube.com/watch?v=-BieHOp8N5Y,https://www.youtube.com/watch?v=QQn0FR8ekpI,https://www.youtube.com/watch?v=zXVc6fbgmgo,","Pessoas e blogs"
"Os povos do cerrado estão resistindo!","82","4","0","0","0","https://www.youtube.com/watch?v=dNzwXexhDHs","2018-04-04T13:48:50.000Z","A CONTAG e outras organizações que fazem a Campanha Nacional em Defesa do Cerrado permanecem denunciando o crescente desmatamento do Cerrado e as ameaças aos povos tradicionais que vivem nesta savana que é a mais rica em biodiversidade no mundo.

Ajude a protegê-lo, junte-se a mais de 90 mil pessoas que assinaram a petição pela transformação do Cerrado em patrimônio nacional.","disabled",True,"PT36S","https://i.ytimg.com/vi/dNzwXexhDHs/hqdefault.jpg","https://www.youtube.com/watch?v=XX54FbfPUas,https://www.youtube.com/watch?v=q0_XODQ0GGg,https://www.youtube.com/watch?v=sL28LDX8mwY,https://www.youtube.com/watch?v=fDie9H6WAec,https://www.youtube.com/watch?v=tZLWMhW0RNg,https://www.youtube.com/watch?v=5T8pyteYdps,https://www.youtube.com/watch?v=dFaVAuoHI94,https://www.youtube.com/watch?v=9PyxVGvuf_k,https://www.youtube.com/watch?v=Pv8WDpkhGKg,https://www.youtube.com/watch?v=vImFwZ6ZQbA,https://www.youtube.com/watch?v=i657LbMJ5Dc,https://www.youtube.com/watch?v=jn70zg7ZSJo,https://www.youtube.com/watch?v=zV6aQ7QLQNU,https://www.youtube.com/watch?v=DksONLntYzs,https://www.youtube.com/watch?v=iTDdGSQ4kT8,https://www.youtube.com/watch?v=BbRp8Z81L7E,https://www.youtube.com/watch?v=ktQfCEPuXM4,https://www.youtube.com/watch?v=1WG-VT_Je40,https://www.youtube.com/watch?v=xsSUx_tu1iI,https://www.youtube.com/watch?v=HNo6EkfvfKE,https://www.youtube.com/watch?v=ILrrwWkCmTg,https://www.youtube.com/watch?v=83wpww_oiiI,https://www.youtube.com/watch?v=5xekqWxzHbc,https://www.youtube.com/watch?v=nwCwIz_iYVI,https://www.youtube.com/watch?v=8KI954H0K2g,https://www.youtube.com/watch?v=AA4Ja85U3rA,https://www.youtube.com/watch?v=rcD8KzJHPdY,https://www.youtube.com/watch?v=HSbWsHX0RrU,","Pessoas e blogs"
"Precisamos de ÁGUA para alimentar o Brasil!","215","3","0","0","0","https://www.youtube.com/watch?v=gJZ1sAp7yAg","2018-03-15T16:25:45.000Z","Agricultores e agricultoras familiares em defesa da água como um bem comum de todos e todas. 

Água é um direito, não mercadoria!","disabled",True,"PT5M41S","https://i.ytimg.com/vi/gJZ1sAp7yAg/hqdefault.jpg","https://www.youtube.com/watch?v=2EUROjhmcuU,https://www.youtube.com/watch?v=VTc9UPtW2ts,https://www.youtube.com/watch?v=jYZmWbDzbxI,https://www.youtube.com/watch?v=3_onEg4y1u8,https://www.youtube.com/watch?v=oaSnqILEL_s,https://www.youtube.com/watch?v=44SLWmUC9FA,https://www.youtube.com/watch?v=hLFAbbcYePw,https://www.youtube.com/watch?v=5S1V2djGGF0,https://www.youtube.com/watch?v=HQYbLX7ieYo,https://www.youtube.com/watch?v=ierujKFgi5U,https://www.youtube.com/watch?v=bP8fTI2ZIPw,https://www.youtube.com/watch?v=29jyu3pu2VQ,https://www.youtube.com/watch?v=NEHTQAb-tP8,https://www.youtube.com/watch?v=C-U6wg8xC7g,https://www.youtube.com/watch?v=7rRjrYKGNG8,https://www.youtube.com/watch?v=U8VNSjvu8YA,https://www.youtube.com/watch?v=KSnrt907rEE,https://www.youtube.com/watch?v=32g2y3ACGaE,https://www.youtube.com/watch?v=xcMJQascHLk,https://www.youtube.com/watch?v=4PQiECIljvQ,https://www.youtube.com/watch?v=mwMREne74qY,https://www.youtube.com/watch?v=zMmVFMrJyZc,https://www.youtube.com/watch?v=3IGu56BgOAs,https://www.youtube.com/watch?v=rGnqiU4dw84,https://www.youtube.com/watch?v=W_IqNUNwk1c,https://www.youtube.com/watch?v=bI8fNmYE9FQ,https://www.youtube.com/watch?v=6nWSHo2Ld_0,https://www.youtube.com/watch?v=273rJLGwR2U,https://www.youtube.com/watch?v=KWDpjA667Z4,https://www.youtube.com/watch?v=BAgC9eS4EVQ,https://www.youtube.com/watch?v=lcdqEIPalbM,https://www.youtube.com/watch?v=Zi2vDKO7Kpw,https://www.youtube.com/watch?v=YgDGr3pxaFc,https://www.youtube.com/watch?v=5xekqWxzHbc,https://www.youtube.com/watch?v=Hhs982WCHdo,https://www.youtube.com/watch?v=yzNVg6StYy0,https://www.youtube.com/watch?v=iLbVJQi1zho,https://www.youtube.com/watch?v=brnUrUU81Ow,https://www.youtube.com/watch?v=AkdsTgziws0,https://www.youtube.com/watch?v=pAMOlSCTuFI,https://www.youtube.com/watch?v=mW0vMQbZ5oY,https://www.youtube.com/watch?v=a9qsp7l5C3o,https://www.youtube.com/watch?v=EmiAcYmvnQg,https://www.youtube.com/watch?v=LmIMg0OBDSE,https://www.youtube.com/watch?v=LPQmf_HVZcA,https://www.youtube.com/watch?v=WIcRkcTWNUU,https://www.youtube.com/watch?v=0iKcYVePDDY,https://www.youtube.com/watch?v=fX8EaDTGfHY,https://www.youtube.com/watch?v=jVpvBSuiHvw,https://www.youtube.com/watch?v=4G3zjTcVj7g,","Pessoas e blogs"
"DIA INTERNACIONAL DE LUTA DAS MULHERES","525","8","1","2","0","https://www.youtube.com/watch?v=9TVZia4bLNU","2018-03-02T21:29:09.000Z","Neste 8 de março (Dia Internacional de Luta das Mulheres), afirmamos nossa unidade, compromisso e resistência por DEMOCRACIA e garantia dos DIREITOS das MULHERES!  

""Participando juntas com a coragem de ser mulher"" 

Assista e baixe na TV CONTAG","disabled",True,"PT1M7S","https://i.ytimg.com/vi/9TVZia4bLNU/hqdefault.jpg","https://www.youtube.com/watch?v=fWQQcDfrGJk,https://www.youtube.com/watch?v=sL28LDX8mwY,https://www.youtube.com/watch?v=ghNuM946YSE,https://www.youtube.com/watch?v=oincz7cAhKw,https://www.youtube.com/watch?v=vwOuroi5g8s,https://www.youtube.com/watch?v=ierujKFgi5U,https://www.youtube.com/watch?v=bknwdyHuPMo,https://www.youtube.com/watch?v=ZXKyF45nNR4,https://www.youtube.com/watch?v=9PyxVGvuf_k,https://www.youtube.com/watch?v=I493iPM4WY4,https://www.youtube.com/watch?v=rnGcJCxJr1U,https://www.youtube.com/watch?v=gPEfsTky_jY,https://www.youtube.com/watch?v=xecU01cR1wM,https://www.youtube.com/watch?v=j2EaOGb7mVY,https://www.youtube.com/watch?v=cc2VRz4ozg8,https://www.youtube.com/watch?v=Zwsoea3NIj4,https://www.youtube.com/watch?v=uMcz40KUR1o,https://www.youtube.com/watch?v=Nf4gUVNvwsg,https://www.youtube.com/watch?v=FgkE7UhfPVY,https://www.youtube.com/watch?v=msQQ1PdAl6E,https://www.youtube.com/watch?v=P-ZV8hm0FMw,https://www.youtube.com/watch?v=pDxp8VDPvZA,https://www.youtube.com/watch?v=AXJK7Egsens,https://www.youtube.com/watch?v=ktQfCEPuXM4,https://www.youtube.com/watch?v=9EJsycd5mLE,https://www.youtube.com/watch?v=L2gj9japcqo,https://www.youtube.com/watch?v=Swu-ECWiFU4,https://www.youtube.com/watch?v=tN_xMyKaW6c,https://www.youtube.com/watch?v=n0gjOl8rOJg,https://www.youtube.com/watch?v=mn_7Mtp0sVY,https://www.youtube.com/watch?v=LcBvXJkjIBg,https://www.youtube.com/watch?v=wLqwC-QjDs4,https://www.youtube.com/watch?v=IEusYw9pSWw,https://www.youtube.com/watch?v=_IFRfSyTGKQ,https://www.youtube.com/watch?v=__JSHTHBSlE,https://www.youtube.com/watch?v=1FPWajWKZMw,https://www.youtube.com/watch?v=VxriZFQbj20,https://www.youtube.com/watch?v=HNo6EkfvfKE,https://www.youtube.com/watch?v=_NsgkNj8l_A,https://www.youtube.com/watch?v=CVvII9Rxj7A,https://www.youtube.com/watch?v=9t8jmd_7GUo,https://www.youtube.com/watch?v=GpiQQ2sxWl8,https://www.youtube.com/watch?v=Pze2mum7FEw,https://www.youtube.com/watch?v=nwCwIz_iYVI,https://www.youtube.com/watch?v=H-XGCQu60Fw,https://www.youtube.com/watch?v=zT8XRQAImPw,https://www.youtube.com/watch?v=BF_ksvYFhBA,https://www.youtube.com/watch?v=C6GY5EIaEVg,https://www.youtube.com/watch?v=iFBce9vgDUE,https://www.youtube.com/watch?v=YccpmErQWNM,","Pessoas e blogs"
"FAMA 2018 - VÍDEO CHAMADA","211","3","0","0","0","https://www.youtube.com/watch?v=Uk0gKwQ1j_E","2018-02-15T12:07:31.000Z","","disabled",True,"PT1M5S","https://i.ytimg.com/vi/Uk0gKwQ1j_E/hqdefault.jpg","https://www.youtube.com/watch?v=jDU1bGQlK7I,https://www.youtube.com/watch?v=L0naywck8ac,https://www.youtube.com/watch?v=9OfuSZL2SOs,https://www.youtube.com/watch?v=dPb1SM_CLe8,https://www.youtube.com/watch?v=8DijHQ3z7Zk,https://www.youtube.com/watch?v=XymfKRNXoDE,https://www.youtube.com/watch?v=iZ3g46Ft2h8,https://www.youtube.com/watch?v=iJ9sOruQXHQ,https://www.youtube.com/watch?v=x9YGAvgHHww,https://www.youtube.com/watch?v=Bz7jTFwi0RM,https://www.youtube.com/watch?v=2L9vFNMvIBE,https://www.youtube.com/watch?v=teDUX0aQi6Y,https://www.youtube.com/watch?v=E_3CQDzr0LI,https://www.youtube.com/watch?v=EPx45KQUEhQ,https://www.youtube.com/watch?v=8nQLNyq7g-w,https://www.youtube.com/watch?v=bvoJPT50Fhs,https://www.youtube.com/watch?v=cHJdGCHS2pc,https://www.youtube.com/watch?v=uz9daevTitk,https://www.youtube.com/watch?v=7FfQP598yF8,https://www.youtube.com/watch?v=ierujKFgi5U,","Pessoas e blogs"
"7º CONGRESSO FETAG-PI (2º DIA)","95","5","0","0","0","https://www.youtube.com/watch?v=I9TDJSaIRbI","2018-02-02T17:15:56.000Z","Aprovação dos temas referentes aos eixos: Direitos Sociais e Políticas Públicas para o campo; Agricultura Familiar, Terra, Água e Créditos; PADRSS e os sujeitos do campo; Sindicalismo e a Organização Sindical; e Rádios Comunitárias e Democratização da Comunicação; marcam o 2º dia do 7º Congresso Estadual da FETAG-PI.","disabled",True,"PT4M12S","https://i.ytimg.com/vi/I9TDJSaIRbI/hqdefault.jpg","https://www.youtube.com/watch?v=iZ3g46Ft2h8,https://www.youtube.com/watch?v=DksONLntYzs,https://www.youtube.com/watch?v=kyU5CPP8sZc,https://www.youtube.com/watch?v=1UWSab7jQkY,https://www.youtube.com/watch?v=ILrrwWkCmTg,https://www.youtube.com/watch?v=xsSUx_tu1iI,https://www.youtube.com/watch?v=7rRjrYKGNG8,https://www.youtube.com/watch?v=xTlNMmZKwpA,https://www.youtube.com/watch?v=9jRtpMKLsts,https://www.youtube.com/watch?v=jD83QaWy8LI,https://www.youtube.com/watch?v=VhI2EpAIcm4,https://www.youtube.com/watch?v=aJOTlE1K90k,https://www.youtube.com/watch?v=12m1rG0Tj7U,https://www.youtube.com/watch?v=0URpDxIjZrQ,https://www.youtube.com/watch?v=hQW_9ws8OhA,https://www.youtube.com/watch?v=3shrder58iU,https://www.youtube.com/watch?v=aEM2kOrrNJI,https://www.youtube.com/watch?v=ys6KVWA4okw,https://www.youtube.com/watch?v=Tn8hOPeAnIM,","Pessoas e blogs"
